{
    "#0": {
        "d": 0.06,
        "tpi": {
            "80": {
                "A_t": 0.0018,
                "A_m": 0.00151
            }
        }
    },
    "#2": {
        "d": 0.086,
        "tpi": {
            "56": {
                "A_t": 0.0037,
                "A_m": 0.0031
            },
            "64": {
                "A_t": 0.00394,
                "A_m": 0.00339
            }
        }
    },
    "#4": {
        "d": 0.112,
        "tpi": {
            "40": {
                "A_t": 0.00604,
                "A_m": 0.00496
            },
            "48": {
                "A_t": 0.00661,
                "A_m": 0.00566
            }
        }
    },
    "#5": {
        "d": 0.125,
        "tpi": {
            "40": {
                "A_t": 0.00796,
                "A_m": 0.00672
            },
            "44": {
                "A_t": 0.0083,
                "A_m": 0.00716
            }
        }
    },
    "#6": {
        "d": 0.138,
        "tpi": {
            "32": {
                "A_t": 0.00909,
                "A_m": 0.00745
            },
            "40": {
                "A_t": 0.01015,
                "A_m": 0.00874
            }
        }
    },
    "#8": {
        "d": 0.164,
        "tpi": {
            "32": {
                "A_t": 0.014,
                "A_m": 0.01196
            },
            "36": {
                "A_t": 0.01474,
                "A_m": 0.01285
            }
        }
    },
    "#10": {
        "d": 0.19,
        "tpi": {
            "24": {
                "A_t": 0.0175,
                "A_m": 0.0145
            },
            "32": {
                "A_t": 0.02,
                "A_m": 0.0175
            }
        }
    },
    "1/4\"": {
        "d": 0.25,
        "tpi": {
            "20": {
                "A_t": 0.0318,
                "A_m": 0.0269
            },
            "28": {
                "A_t": 0.0364,
                "A_m": 0.0326
            }
        }
    },
    "5/16\"": {
        "d": 0.3125,
        "tpi": {
            "18": {
                "A_t": 0.0524,
                "A_m": 0.0454
            },
            "24": {
                "A_t": 0.058,
                "A_m": 0.0524
            }
        }
    },
    "3/8\"": {
        "d": 0.375,
        "tpi": {
            "16": {
                "A_t": 0.0775,
                "A_m": 0.0678
            },
            "24": {
                "A_t": 0.0878,
                "A_m": 0.0809
            }
        }
    },
    "7/16\"": {
        "d": 0.4375,
        "tpi": {
            "14": {
                "A_t": 0.1063,
                "A_m": 0.0933
            },
            "20": {
                "A_t": 0.1187,
                "A_m": 0.109
            }
        }
    },
    "1/2\"": {
        "d": 0.5,
        "tpi": {
            "13": {
                "A_t": 0.1419,
                "A_m": 0.1257
            },
            "20": {
                "A_t": 0.1599,
                "A_m": 0.1486
            }
        }
    },
    "9/16\"": {
        "d": 0.5625,
        "tpi": {
            "12": {
                "A_t": 0.182,
                "A_m": 0.162
            },
            "18": {
                "A_t": 0.203,
                "A_m": 0.189
            }
        }
    },
    "5/8\"": {
        "d": 0.625,
        "tpi": {
            "11": {
                "A_t": 0.226,
                "A_m": 0.202
            },
            "18": {
                "A_t": 0.256,
                "A_m": 0.24
            }
        }
    },
    "3/4\"": {
        "d": 0.75,
        "tpi": {
            "10": {
                "A_t": 0.334,
                "A_m": 0.302
            },
            "16": {
                "A_t": 0.373,
                "A_m": 0.351
            }
        }
    },
    "7/8\"": {
        "d": 0.875,
        "tpi": {
            "9": {
                "A_t": 0.462,
                "A_m": 0.419
            },
            "14": {
                "A_t": 0.509,
                "A_m": 0.48
            }
        }
    },
    "1\"": {
        "d": 1,
        "tpi": {
            "8": {
                "A_t": 0.606,
                "A_m": 0.551
            },
            "12": {
                "A_t": 0.663,
                "A_m": 0.625
            }
        }
    },
    "1-1/8\"": {
        "d": 1.125,
        "tpi": {
            "7": {
                "A_t": 0.763,
                "A_m": 0.693
            },
            "12": {
                "A_t": 0.856,
                "A_m": 0.812
            }
        }
    },
    "1-1/4\"": {
        "d": 1.25,
        "tpi": {
            "7": {
                "A_t": 0.969,
                "A_m": 0.89
            },
            "12": {
                "A_t": 1.073,
                "A_m": 1.024
            }
        }
    },
    "1-3/8\"": {
        "d": 1.375,
        "tpi": {
            "6": {
                "A_t": 1.155,
                "A_m": 1.054
            },
            "12": {
                "A_t": 1.315,
                "A_m": 1.26
            }
        }
    },
    "1-1/2\"": {
        "d": 1.5,
        "tpi": {
            "6": {
                "A_t": 1.405,
                "A_m": 1.294
            },
            "12": {
                "A_t": 1.581,
                "A_m": 1.521
            }
        }
    },
    "1-3/4\"": {
        "d": 1.75,
        "tpi": {
            "5": {
                "A_t": 1.9,
                "A_m": 1.74
            }
        }
    },
    "2\"": {
        "d": 2,
        "tpi": {
            "4.5": {
                "A_t": 2.5,
                "A_m": 2.3
            }
        }
    }
}